show_date,artist,region,venue_type,capacity,avg_ticket_price,occupancy_rate,revenue
2024-01-04,LUMINA,동남아,아레나,10100,107.8,78.4,844951.0
2024-01-07,BLAZE,동남아,홀,4600,87.4,84.3,344846.0
2024-01-08,ECHO9,북미,홀,2200,134.4,74.3,225553.0
2024-01-15,NOVA,국내,아레나,11800,136.4,76.9,1235072.0
2024-01-20,NOVA,국내,스타디움,56600,123.1,76.8,5199264.0
2024-01-26,LUMINA,일본,,14700,,69.4,1598909.0
2024-01-28,LUMINA,북미,아레나,12800,151.3,74.3,1480957.0
2024-01-30,LUMINA,중남미,아레나,13400,110.9,83.0,1250992.0
2024-02-04,BLAZE,일본,아레나,19400,122.6,72.6,1696792.0
2024-02-13,LUMINA,동남아,아레나,9800,109.7,72.9,803180.0
2024-02-13,ECHO9,유럽,홀,2800,113.9,67.1,217586.0
2024-02-14,NOVA,국내,스타디움,51700,131.1,73.2,5048759.0
2024-03-02,NOVA,북미,스타디움,55600,256.8,59.9,8431924.0
2024-03-05,BLAZE,일본,홀,2400,125.7,67.6,203693.0
2024-03-06,NOVA,국내,아레나,17400,141.0,78.1,1887454.0
2024-03-07,ECHO9,일본,홀,2800,89.1,88.8,217600.0
2024-03-08,NOVA,유럽,아레나,10200,138.4,80.4,1163408.0
2024-03-28,ECHO9,국내,아레나,11700,111.3,58.2,760907.0
2024-04-02,LUMINA,국내,스타디움,52400,156.6,63.2,5069159.0
2024-04-15,LUMINA,북미,홀,2400,150.8,80.3,290470.0
2024-04-17,LUMINA,북미,홀,2000,170.3,74.5,255459.0
2024-04-18,BLAZE,북미,아레나,15300,161.7,76.6,1938548.0
2024-04-19,LUMINA,일본,홀,3600,161.4,77.9,452110.0
2024-04-19,LUMINA,동남아,아레나,15000,97.1,80.4,1179634.0
2024-04-23,NOVA,북미,아레나,16800,168.7,89.4,2565916.0
2024-04-27,ECHO9,국내,,4100,106.7,69.1,309569.0
2024-04-27,BLAZE,유럽,아레나,15500,112.7,74.9,1323420.0
2024-05-03,BLAZE,국내,홀,2000,,75.8,138451.0
2024-05-04,NOVA,동남아,스타디움,37700,151.3,63.0,3587937.0
2024-05-08,ECHO9,일본,아레나,9300,15800.0,68.7,860867.0
2024-05-08,ECHO9,유럽,홀,4100,116.4,65.7,306266.0
2024-05-09,BLAZE,일본,아레나,15000,141.4,68.5,1467052.0
2024-05-12,NOVA,중남미,스타디움,48100,148.2,66.1,4610964.0
2024-05-12,LUMINA,중남미,아레나,8200,102.8,69.5,570700.0
2024-05-16,ECHO9,북미,스타디움,55200,168.9,68.9,6338512.0
2024-05-17,ECHO9,국내,홀,4700,97.1,77.0,345351.0
2024-05-20,ECHO9,동남아,홀,3000,85.6,85.4,215870.0
2024-05-24,NOVA,동남아,스타디움,52500,134.1,62.1,4245587.0
2024-05-25,STARLIT,유럽,아레나,12700,126.1,74.4,1161885.0
2024-05-27,STARLIT,국내,,3700,85.1,66.7,211794.0
2024-06-01,LUMINA,일본,스타디움,33100,141.8,128.4,3202505.0
2024-06-02,NOVA,국내,스타디움,40000,111.7,81.0,3548485.0
2024-06-02,NOVA,동남아,스타디움,58500,119.3,82.3,5859276.0
2024-06-03,NOVA,중남미,아레나,19900,138.8,,2113259.0
2024-06-03,ECHO9,국내,아레나,14400,,69.4,1059938.0
2024-06-04,LUMINA,북미,홀,3500,,72.1,381519.0
2024-06-04,NOVA,동남아,아레나,10700,107.7,67.7,788586.0
2024-06-09,BLAZE,동남아,아레나,16800,90.7,75.5,1150773.0
2024-06-12,STARLIT,동남아,홀,4700,86.0,66.3,275128.0
2024-06-13,NOVA,북미,아레나,11400,143.3,92.1,1505927.0
2024-06-17,LUMINA,일본,아레나,18100,146.8,74.9,1973293.0
2024-06-18,NOVA,일본,아레나,19700,171.0,61.9,2056799.0
2024-06-19,BLAZE,일본,아레나,12900,110.5,78.0,1097580.0
2024-06-24,BLAZE,일본,홀,3300,105.0,80.4,272407.0
2024-06-26,BLAZE,국내,아레나,16000,124.1,72.7,1404380.0
2024-06-27,BLAZE,일본,아레나,19200,139.2,64.3,1712747.0
2024-06-29,BLAZE,유럽,홀,4100,130.6,78.9,420982.0
2024-06-30,BLAZE,국내,아레나,11400,110.3,81.4,1026119.0
2024-07-01,LUMINA,동남아,스타디움,35700,109.9,71.4,2845672.0
2024-07-03,BLAZE,일본,홀,2300,120.9,72.6,207757.0
2024-07-03,ECHO9,동남아,아레나,18400,110.5,64.7,1343733.0
2024-07-06,LUMINA,유럽,스타디움,38600,151.7,81.9,4738171.0
2024-07-12,STARLIT,북미,아레나,9500,155.1,82.4,1208098.0
2024-07-14,BLAZE,동남아,아레나,13200,117.9,72.5,1123042.0
2024-07-19,ECHO9,국내,아레나,11600,121.2,65.4,906934.0
2024-07-20,ECHO9,일본,아레나,12700,,73.4,1239332.0
2024-07-21,STARLIT,동남아,홀,4800,62.1,80.8,242530.0
2024-07-21,NOVA,북미,아레나,17700,188.0,70.6,2289501.0
2024-07-21,BLAZE,북미,홀,2100,137.3,81.0,233040.0
2024-07-23,STARLIT,유럽,홀,2000,100.0,82.8,170124.0
2024-07-25,ECHO9,국내,아레나,17700,99.3,78.9,1417298.0
2024-07-26,ECHO9,일본,홀,2300,103.3,78.5,184091.0
2024-07-26,NOVA,북미,아레나,17100,179.9,79.4,2469720.0
2024-07-26,ECHO9,국내,아레나,14600,107.0,63.1,966190.0
2024-07-26,LUMINA,일본,아레나,19300,118.3,78.3,1759180.0
2024-07-29,STARLIT,유럽,아레나,11800,103.9,76.4,953033.0
2024-07-30,ECHO9,북미,아레나,18500,137.3,71.4,1812301.0
2024-08-01,STARLIT,유럽,홀,3000,121.7,75.0,280897.0
2024-08-05,LUMINA,중남미,아레나,13000,92.9,84.6,1035447.0
2024-08-08,LUMINA,유럽,홀,2500,,83.9,281763.0
2024-08-09,LUMINA,동남아,아레나,13000,97.1,74.0,937486.0
2024-08-16,ECHO9,중남미,홀,3000,72.3,75.4,159301.0
2024-08-16,ECHO9,일본,홀,3200,104.6,68.5,227447.0
2024-08-17,STARLIT,유럽,홀,4000,126.8,,312534.0
2024-08-21,LUMINA,국내,아레나,19200,142.2,79.3,2170161.0
2024-08-28,LUMINA,일본,홀,2100,121.3,80.3,201121.0
2024-08-28,ECHO9,유럽,아레나,16900,118.9,74.6,1522632.0
2024-08-28,NOVA,국내,아레나,11600,94.9,96.2,1079384.0
2024-08-29,NOVA,일본,홀,3800,101.8,81.9,325819.0
2024-08-30,LUMINA,일본,홀,3200,131.3,70.6,302802.0
2024-08-30,LUMINA,유럽,스타디움,31800,169.0,73.3,4026689.0
2024-09-04,ECHO9,북미,홀,3300,160.5,72.2,380152.0
2024-09-09,LUMINA,동남아,아레나,10000,110.0,81.1,891424.0
2024-09-09,LUMINA,동남아,아레나,16400,93.3,80.8,1242524.0
2024-09-10,LUMINA,동남아,아레나,10900,103.2,74.7,861605.0
2024-09-11,NOVA,동남아,아레나,13700,106.7,64.9,950458.0
2024-09-13,ECHO9,유럽,홀,4900,135.6,72.2,491979.0
2024-09-22,NOVA,일본,아레나,18100,143.5,81.1,2149513.0
2024-09-28,STARLIT,북미,홀,2700,143.4,54.2,208889.0
2024-10-01,LUMINA,일본,아레나,15300,125.2,81.6,1591044.0
2024-10-01,NOVA,중남미,아레나,16200,127.5,,1489559.0
2024-10-03,NOVA,동남아,스타디움,38400,148.9,,3606321.0
2024-10-12,STARLIT,북미,아레나,14500,146.1,83.1,1812522.0
2024-10-13,ECHO9,북미,홀,2900,130.9,79.8,311581.0
2024-10-13,LUMINA,중남미,아레나,19200,106.0,74.5,1503144.0
2024-10-13,LUMINA,중남미,아레나,11600,88.6,75.2,756811.0
2024-10-16,BLAZE,동남아,홀,4700,89.4,,321049.0
2024-10-19,BLAZE,북미,홀,3800,137.7,78.1,414702.0
2024-10-21,LUMINA,동남아,아레나,10300,107.5,63.1,701133.0
2024-10-22,NOVA,동남아,스타디움,51500,123.9,73.5,4640423.0
2024-10-25,ECHO9,국내,아레나,18700,98.3,57.8,1069336.0
2024-10-25,ECHO9,국내,홀,2600,100.4,66.8,175369.0
2024-10-28,NOVA,국내,아레나,11600,131.1,79.7,1223585.0
2024-11-08,BLAZE,국내,아레나,17200,85.7,78.4,1159910.0
2024-11-11,ECHO9,동남아,홀,4400,98.5,59.2,261208.0
2024-11-20,NOVA,일본,스타디움,49700,171.7,84.4,7300974.0
2024-11-23,LUMINA,일본,아레나,9000,124.6,81.4,928176.0
2024-11-28,LUMINA,동남아,홀,3800,104.1,72.2,289654.0
2024-12-02,NOVA,일본,아레나,18500,144.7,71.6,1883678.0
2024-12-04,ECHO9,일본,홀,2900,125.7,67.9,242816.0
2024-12-04,LUMINA,동남아,아레나,12700,109.4,58.6,794691.0
2024-12-05,BLAZE,일본,아레나,9600,107.8,,838400.0
2024-12-06,ECHO9,동남아,아레나,11300,110.8,67.2,853451.0
2024-12-14,BLAZE,일본,아레나,13400,132.8,71.1,1279651.0
2024-12-15,BLAZE,국내,아레나,14500,103.2,70.7,1036504.0
2024-12-16,ECHO9,북미,홀,3100,98.6,81.5,251015.0
2024-12-23,NOVA,북미,아레나,10800,158.8,86.1,1499809.0
2024-12-27,LUMINA,일본,스타디움,43200,149.2,74.5,4753899.0
2025-01-11,NOVA,일본,아레나,12700,167.5,75.9,1621684.0
2025-01-22,BLAZE,중남미,,2000,99.4,80.7,163479.0
2025-01-26,STARLIT,동남아,홀,2800,63.0,76.1,136586.0
2025-01-27,BLAZE,일본,아레나,18000,120.1,72.9,1568214.0
2025-01-31,LUMINA,북미,아레나,17600,152.4,73.9,2009153.0
2025-02-02,NOVA,일본,홀,4500,160.7,73.5,530490.0
2025-02-12,BLAZE,동남아,아레나,9600,,81.2,668791.0
2025-02-13,ECHO9,국내,홀,3000,93.2,74.8,208501.0
2025-02-15,BLAZE,동남아,아레나,11400,79.5,85.1,759569.0
2025-02-20,LUMINA,북미,홀,4700,180.2,75.6,651774.0
2025-02-21,BLAZE,동남아,스타디움,50900,110.0,60.4,3283966.0
2025-02-28,STARLIT,국내,아레나,17100,87.2,,946989.0
2025-03-10,STARLIT,유럽,홀,4900,99.5,78.7,386267.0
2025-03-11,LUMINA,국내,아레나,9100,91.8,82.0,680281.0
2025-03-12,STARLIT,국내,아레나,11400,65.9,86.4,645886.0
2025-03-24,NOVA,동남아,아레나,15800,89.4,79.1,1135280.0
2025-03-26,BLAZE,국내,스타디움,57300,125.0,68.1,5006813.0
2025-03-26,LUMINA,국내,아레나,15900,111.7,82.5,1444382.0
2025-04-05,BLAZE,북미,아레나,11800,187.6,58.4,1324477.0
2025-04-07,STARLIT,국내,홀,3800,89.6,71.9,243504.0
2025-04-08,ECHO9,일본,아레나,16600,112.0,73.1,1379557.0
2025-04-12,STARLIT,국내,홀,3900,72.1,69.6,192914.0
2025-04-15,BLAZE,동남아,스타디움,58400,102.4,75.0,44250620.0
2025-04-15,LUMINA,동남아,아레나,15700,95.4,90.7,1398312.0
2025-04-16,LUMINA,북미,,43900,259.2,71.6,7945237.0
2025-04-20,BLAZE,국내,아레나,13300,85.5,91.6,1065226.0
2025-04-21,STARLIT,중남미,아레나,19700,102.6,75.1,1486536.0
2025-04-22,LUMINA,일본,아레나,16100,132.5,,1408785.0
2025-04-26,STARLIT,일본,홀,3800,122.0,65.2,311314.0
2025-04-26,NOVA,일본,아레나,8700,128.4,74.4,850888.0
2025-04-28,BLAZE,북미,아레나,17900,139.4,78.2,1984966.0
2025-05-02,NOVA,국내,스타디움,59900,158.7,74.0,6876943.0
2025-05-04,LUMINA,일본,스타디움,48400,179.6,58.7,5017915.0
2025-05-04,BLAZE,국내,아레나,13500,121.7,69.8,1166699.0
2025-05-06,NOVA,일본,아레나,11900,110.5,87.7,1184730.0
2025-05-06,ECHO9,북미,홀,2600,106.0,90.6,246767.0
2025-05-17,BLAZE,일본,아레나,14900,137.5,58.9,1190356.0
2025-05-27,BLAZE,유럽,아레나,13800,141.1,68.1,1353483.0
2025-06-03,NOVA,동남아,스타디움,40200,104.0,86.8,3655808.0
2025-06-12,NOVA,유럽,아레나,16000,141.6,,2097813.0
2025-06-15,NOVA,일본,아레나,18300,154.9,58.1,1681829.0
2025-06-16,NOVA,일본,아레나,17500,137.0,74.4,1835958.0
2025-06-17,NOVA,유럽,스타디움,42000,196.5,80.0,6733113.0
2025-06-22,LUMINA,일본,아레나,16800,144.3,77.3,1873495.0
2025-07-01,NOVA,북미,아레나,15900,182.5,72.1,2095177.0
2025-07-03,BLAZE,중남미,아레나,11400,89.5,84.6,864930.0
2025-07-03,LUMINA,국내,홀,3400,118.9,71.9,295310.0
2025-07-08,NOVA,국내,스타디움,52300,104.9,89.4,4861564.0
2025-07-11,NOVA,국내,스타디움,33900,142.8,74.1,3542973.0
2025-07-11,BLAZE,북미,아레나,17000,158.3,77.4,2129750.0
2025-07-14,NOVA,국내,스타디움,50200,136.1,77.9,5235700.0
2025-07-15,LUMINA,북미,스타디움,52900,166.5,89.8,8092237.0
2025-07-16,ECHO9,북미,홀,3300,142.6,63.0,289002.0
2025-07-18,NOVA,북미,아레나,10000,224.2,64.4,1465642.0
2025-07-20,LUMINA,중남미,아레나,11300,94.0,79.2,828374.0
2025-07-20,STARLIT,동남아,홀,4800,,78.3,276181.0
2025-07-21,BLAZE,북미,아레나,17200,178.0,76.8,2372132.0
2025-07-25,ECHO9,북미,홀,3900,116.7,,362635.0
2025-07-26,LUMINA,국내,아레나,12300,120.0,79.0,1175417.0
2025-07-29,ECHO9,국내,홀,4100,83.3,84.7,286599.0
2025-07-30,LUMINA,유럽,아레나,15700,153.6,73.0,1731681.0
2025-08-01,NOVA,북미,아레나,17700,204.9,69.3,2552484.0
2025-08-05,NOVA,유럽,스타디움,45700,191.5,78.3,6814608.0
2025-08-05,ECHO9,국내,아레나,15600,94.1,73.8,1104245.0
2025-08-08,NOVA,중남미,스타디움,34000,114.0,68.8,2585234.0
2025-08-10,LUMINA,국내,스타디움,57400,139.5,68.3,5312243.0
2025-08-16,NOVA,동남아,아레나,18600,118.4,76.0,1706102.0
2025-08-16,NOVA,북미,스타디움,43500,233.1,71.5,7456759.0
2025-08-17,BLAZE,중남미,,11900,116.3,65.6,893577.0
2025-08-18,ECHO9,북미,홀,3600,119.5,80.8,347975.0
2025-08-19,NOVA,동남아,아레나,19800,105.2,80.5,1631290.0
2025-08-26,NOVA,국내,아레나,15000,155.1,71.5,1697977.0
2025-08-28,LUMINA,국내,홀,2200,97.1,,175605.0
2025-09-08,NOVA,유럽,스타디움,50800,163.1,85.3,7052417.0
2025-09-13,BLAZE,국내,아레나,16900,111.3,77.9,1475619.0
2025-09-14,NOVA,국내,스타디움,42200,111.2,83.6,3919689.0
2025-09-15,STARLIT,동남아,아레나,15100,77.2,79.2,903541.0
2025-09-16,STARLIT,동남아,아레나,18300,79.3,63.2,915321.0
2025-09-17,STARLIT,유럽,홀,3400,114.1,81.7,315911.0
2025-09-18,NOVA,일본,아레나,13600,149.6,79.5,1607843.0
2025-09-19,BLAZE,유럽,아레나,12100,124.3,84.7,1238367.0
2025-09-21,LUMINA,동남아,,35100,111.1,63.6,2515926.0
2025-09-25,ECHO9,북미,아레나,19500,135.4,90.4,2422871.0
2025-09-30,BLAZE,동남아,스타디움,37700,104.0,77.5,3107151.0
2025-09-30,NOVA,국내,스타디움,47100,183.4,56.2,4975362.0
2025-10-01,STARLIT,북미,아레나,10900,160.6,63.6,1100829.0
2025-10-02,LUMINA,북미,홀,2400,135.1,91.8,292508.0
2025-10-04,BLAZE,일본,아레나,16700,130.0,76.5,1630675.0
2025-10-04,LUMINA,일본,스타디움,43300,142.6,69.3,4281664.0
2025-10-08,LUMINA,국내,아레나,11000,97.8,81.6,882164.0
2025-10-09,NOVA,국내,아레나,17500,138.8,71.9,1704478.0
2025-10-10,ECHO9,동남아,홀,3000,62.0,80.6,152180.0
2025-10-10,BLAZE,북미,아레나,17300,135.6,79.8,1823235.0
2025-10-14,BLAZE,일본,아레나,14100,131.7,78.7,1463879.0
2025-10-14,ECHO9,북미,아레나,13500,154.1,59.7,1242561.0
2025-10-17,NOVA,국내,아레나,12800,114.0,89.2,1279037.0
2025-10-19,ECHO9,일본,아레나,10400,110.5,75.8,878538.0
2025-10-24,STARLIT,동남아,아레나,9500,87.0,79.1,643952.0
2025-10-27,STARLIT,국내,아레나,13000,96.6,64.9,827333.0
2025-10-28,LUMINA,유럽,아레나,15700,128.7,91.8,1820097.0
2025-10-28,STARLIT,국내,아레나,10100,92.1,78.2,733058.0
2025-10-29,ECHO9,일본,아레나,17400,134.6,62.4,1493927.0
2025-10-31,BLAZE,북미,아레나,16500,168.1,72.5,2060286.0
2025-11-05,ECHO9,국내,아레나,9800,107.6,67.6,731203.0
2025-11-09,BLAZE,북미,홀,3500,151.3,76.2,396226.0
2025-11-13,NOVA,국내,아레나,13400,129.4,84.5,1440244.0
2025-11-14,LUMINA,국내,아레나,11600,107.4,85.5,1081813.0
2025-11-22,ECHO9,동남아,아레나,9300,85.0,66.7,516530.0
2025-11-23,LUMINA,일본,아레나,19000,126.4,81.5,1932679.0
2025-11-23,NOVA,북미,아레나,13400,161.9,77.7,1668194.0
2025-11-24,LUMINA,국내,아레나,18500,,83.8,1588828.0
2025-11-27,NOVA,중남미,스타디움,51100,156.1,65.1,5115993.0
2025-11-29,STARLIT,국내,아레나,10900,,80.4,788404.0
2025-12-14,NOVA,일본,스타디움,47400,166.7,68.4,5526458.0
2025-12-17,LUMINA,북미,아레나,15900,170.8,80.7,2204802.0
2025-12-17,BLAZE,국내,아레나,19400,100.8,76.6,1536162.0
2025-12-18,LUMINA,동남아,,4900,87.7,79.4,350015.0
2025-12-18,NOVA,유럽,홀,4700,149.0,81.1,574261.0
2025-12-22,NOVA,일본,아레나,15500,135.3,81.2,1711775.0
2025-12-25,NOVA,국내,아레나,12800,141.9,63.9,1153218.0
2025-12-26,BLAZE,일본,아레나,9700,134.3,72.6,931707.0
2025-12-26,LUMINA,일본,아레나,9800,188.8,,1034588.0
